<?xml version="1.0" encoding="utf-8"?><App xmlns="http://schemas.microsoft.com/sharepoint/2012/app/manifest" Name="demo-sol-client-side-solution" ProductID="e0a24117-c3c1-4cae-8f82-51c917e71a1f" Version="1.0.0.0" SharePointMinVersion="16.0.0.0" IsClientSideSolution="true" SkipFeatureDeployment="true" IsDomainIsolated="false"><Properties><Title>demo-sol-client-side-solution</Title><DeveloperProperties>{&quot;name&quot;:&quot;&quot;,&quot;websiteUrl&quot;:&quot;&quot;,&quot;privacyUrl&quot;:&quot;&quot;,&quot;termsOfUseUrl&quot;:&quot;&quot;,&quot;mpnId&quot;:&quot;Undefined-1.14.0&quot;}</DeveloperProperties><ShortDescription><LocalizedString CultureName="default">demo-sol description</LocalizedString></ShortDescription><LongDescription><LocalizedString CultureName="default">demo-sol description</LocalizedString></LongDescription><Screenshots></Screenshots></Properties><WebApiPermissionRequests><WebApiPermissionRequest ResourceId="Power BI Service" Scope="Group.Read.All"></WebApiPermissionRequest><WebApiPermissionRequest ResourceId="Power BI Service" Scope="Dataset.Read.All"></WebApiPermissionRequest><WebApiPermissionRequest ResourceId="Power BI Service" Scope="Report.Read.All"></WebApiPermissionRequest><WebApiPermissionRequest ResourceId="Power BI Service" Scope="Dashboard.Read.All"></WebApiPermissionRequest></WebApiPermissionRequests></App>