{
  "$schema": "https://developer.microsoft.com/json-schemas/spfx-build/package-solution.schema.json",
  "solution": {
    "name": "demo-sol-client-side-solution",
    "id": "e0a24117-c3c1-4cae-8f82-51c917e71a1f",
    "version": "1.0.0.0",
    "includeClientSideAssets": true,
    "skipFeatureDeployment": true,
    "isDomainIsolated": false,
    "developer": {
      "name": "",
      "websiteUrl": "",
      "privacyUrl": "",
      "termsOfUseUrl": "",
      "mpnId": "Undefined-1.14.0"
    },
    "metadata": {
      "shortDescription": {
        "default": "demo-sol description"
      },
      "longDescription": {
        "default": "demo-sol description"
      },
      "screenshotPaths": [],
      "videoUrl": "",
      "categories": []
    },
    "features": [
      {
        "title": "demo-sol Feature",
        "description": "The feature that activates elements of the demo-sol solution.",
        "id": "ceef4a04-751e-4b91-86a2-0bf4458d6913",
        "version": "1.0.0.0"
      }
    ],
    "webApiPermissionRequests": [
      {
        "resource": "Power BI Service",
        "scope": "Group.Read.All"
      },
      {
        "resource": "Power BI Service",
        "scope": "Dataset.Read.All"
      },
      {
        "resource": "Power BI Service",
        "scope": "Report.Read.All"
      },
      {
        "resource": "Power BI Service",
        "scope": "Dashboard.Read.All"
      }
    ]
  },
  "paths": {
    "zippedPackage": "solution/demo-sol.sppkg"
  }
}
