{
  "id": "354d4aac-a13c-4af3-872a-abbfe1922512",
  "alias": "DemoSolPowerBiWebPart",
  "componentType": "WebPart",
  "version": "0.0.1",
  "manifestVersion": 2,
  "requiresCustomScript": false,
  "supportedHosts": [
    "SharePointWebPart",
    "TeamsPersonalApp",
    "TeamsTab",
    "SharePointFullPage"
  ],
  "supportsThemeVariants": true,
  "preconfiguredEntries": [
    {
      "groupId": "5c03119e-3074-46fd-976b-c60198311f70",
      "group": {
        "default": "Other"
      },
      "title": {
        "default": "DemoSolPowerBI"
      },
      "description": {
        "default": "DemoSolPowerBI description"
      },
      "officeFabricIconFontName": "Page",
      "properties": {
        "description": "DemoSolPowerBI"
      }
    }
  ],
  "loaderConfig": {
    "internalModuleBaseUrls": [
      "<!-- PATH TO CDN -->"
    ],
    "entryModuleId": "demo-sol-power-bi-web-part",
    "scriptResources": {
      "demo-sol-power-bi-web-part": {
        "type": "path",
        "path": "demo-sol-power-bi-web-part_a2857b4e761db60fb781.js"
      },
      "@microsoft/sp-property-pane": {
        "type": "component",
        "id": "f9e737b7-f0df-4597-ba8c-3060f82380db",
        "version": "1.14.0"
      },
      "@microsoft/sp-webpart-base": {
        "type": "component",
        "id": "974a7777-0990-4136-8fa6-95d80114c2e0",
        "version": "1.14.0"
      },
      "@microsoft/sp-http": {
        "type": "component",
        "id": "c07208f0-ea3b-4c1a-9965-ac1b825211a6",
        "version": "1.14.0"
      }
    }
  }
}